Entity,Code,Year,Number of moderately or severely food insecure people (million) (3-year average) | 00210081 || Value | 006132 || millions
Afghanistan,AFG,2015,15500000
Afghanistan,AFG,2016,17600000.381469727
Afghanistan,AFG,2017,19700000.762939453
Afghanistan,AFG,2018,21399999.618530273
Afghanistan,AFG,2019,24000000
Africa (FAO),,2015,576700012.2070312
Africa (FAO),,2016,612799987.7929688
Africa (FAO),,2017,647599975.5859375
Africa (FAO),,2018,677900024.4140625
Africa (FAO),,2019,726400024.4140625
Albania,ALB,2015,1100000.023841858
Albania,ALB,2016,1100000.023841858
Albania,ALB,2017,1100000.023841858
Albania,ALB,2018,1100000.023841858
Albania,ALB,2019,1000000
Algeria,DZA,2015,9100000.381469727
Algeria,DZA,2016,8699999.809265137
Algeria,DZA,2017,8199999.809265137
Algeria,DZA,2018,7400000.095367432
Algeria,DZA,2019,7599999.904632568
Angola,AGO,2015,18500000
Angola,AGO,2018,21600000.381469727
Angola,AGO,2019,23399999.618530273
Argentina,ARG,2015,8300000.190734863
Argentina,ARG,2016,11300000.190734863
Argentina,ARG,2017,14199999.809265137
Argentina,ARG,2018,15899999.618530273
Argentina,ARG,2019,16000000
Armenia,ARM,2017,500000
Armenia,ARM,2018,400000.0059604645
Armenia,ARM,2019,400000.0059604645
Asia (FAO),,2015,840500000
Asia (FAO),,2016,866500000
Asia (FAO),,2017,926299987.7929688
Asia (FAO),,2018,991799987.7929688
Asia (FAO),,2019,1085300048.828125
Australia,AUS,2015,2599999.9046325684
Australia,AUS,2016,2900000.0953674316
Australia,AUS,2017,3099999.9046325684
Australia,AUS,2018,3299999.952316284
Australia,AUS,2019,3099999.9046325684
Austria,AUT,2015,500000
Austria,AUT,2016,500000
Austria,AUT,2017,400000.0059604645
Austria,AUT,2018,300000.01192092896
Austria,AUT,2019,300000.01192092896
Azerbaijan,AZE,2015,600000.0238418579
Azerbaijan,AZE,2016,699999.988079071
Azerbaijan,AZE,2017,800000.011920929
Azerbaijan,AZE,2018,1000000
Azerbaijan,AZE,2019,899999.9761581421
Bangladesh,BGD,2015,50400001.525878906
Bangladesh,BGD,2016,50299999.23706055
Bangladesh,BGD,2017,50200000.76293945
Bangladesh,BGD,2018,50799999.23706055
Bangladesh,BGD,2019,52000000
Belgium,BEL,2019,400000.0059604645
Bosnia and Herzegovina,BIH,2015,300000.01192092896
Bosnia and Herzegovina,BIH,2016,300000.01192092896
Bosnia and Herzegovina,BIH,2017,300000.01192092896
Bosnia and Herzegovina,BIH,2018,300000.01192092896
Bosnia and Herzegovina,BIH,2019,300000.01192092896
Botswana,BWA,2015,1000000
Botswana,BWA,2016,1000000
Botswana,BWA,2017,1100000.023841858
Botswana,BWA,2018,1100000.023841858
Botswana,BWA,2019,1200000.0476837158
Brazil,BRA,2015,37500000
Brazil,BRA,2016,44400001.525878906
Brazil,BRA,2017,45400001.525878906
Brazil,BRA,2018,43099998.474121094
Brazil,BRA,2019,49599998.474121094
Bulgaria,BGR,2015,1100000.023841858
Bulgaria,BGR,2016,1000000
Bulgaria,BGR,2017,899999.9761581421
Bulgaria,BGR,2018,899999.9761581421
Bulgaria,BGR,2019,899999.9761581421
Burkina Faso,BFA,2015,7599999.904632568
Burkina Faso,BFA,2016,8000000
Burkina Faso,BFA,2017,8199999.809265137
Burkina Faso,BFA,2018,8500000
Burkina Faso,BFA,2019,9699999.809265137
Cambodia,KHM,2015,7599999.904632568
Cambodia,KHM,2016,7199999.809265137
Cambodia,KHM,2017,7199999.809265137
Cambodia,KHM,2018,7199999.809265137
Cambodia,KHM,2019,7400000.095367432
Cameroon,CMR,2019,14399999.618530273
Canada,CAN,2015,1799999.9523162842
Canada,CAN,2016,1799999.9523162842
Canada,CAN,2017,1799999.9523162842
Canada,CAN,2018,1899999.976158142
Canada,CAN,2019,2200000.047683716
Cape Verde,CPV,2018,200000.00298023224
Cape Verde,CPV,2019,200000.00298023224
Caribbean (FAO),,2019,29200000.762939453
Central African Republic,CAF,2019,3900000.0953674316
Central America (FAO),,2015,49500000
Central America (FAO),,2016,48799999.23706055
Central America (FAO),,2017,47799999.23706055
Central America (FAO),,2018,48700000.76293945
Central America (FAO),,2019,55099998.474121094
Central Asia (FAO),,2015,6300000.190734863
Central Asia (FAO),,2016,7699999.809265137
Central Asia (FAO),,2017,8899999.618530273
Central Asia (FAO),,2018,9800000.190734863
Central Asia (FAO),,2019,10899999.618530273
Chile,CHL,2015,1899999.976158142
Chile,CHL,2016,2200000.047683716
Chile,CHL,2017,2500000
Chile,CHL,2018,2900000.0953674316
Chile,CHL,2019,3400000.0953674316
Congo,COG,2015,4000000
Congo,COG,2016,4300000.190734863
Congo,COG,2017,4500000
Congo,COG,2018,4599999.904632568
Congo,COG,2019,4800000.190734863
Costa Rica,CRI,2015,600000.0238418579
Costa Rica,CRI,2016,600000.0238418579
Costa Rica,CRI,2017,699999.988079071
Costa Rica,CRI,2018,699999.988079071
Costa Rica,CRI,2019,800000.011920929
Croatia,HRV,2015,300000.01192092896
Croatia,HRV,2016,300000.01192092896
Croatia,HRV,2017,300000.01192092896
Croatia,HRV,2018,400000.0059604645
Croatia,HRV,2019,500000
Czechia,CZE,2015,600000.0238418579
Czechia,CZE,2016,500000
Czechia,CZE,2017,400000.0059604645
Czechia,CZE,2018,400000.0059604645
Czechia,CZE,2019,400000.0059604645
Democratic Republic of Congo,COD,2019,60099998.474121094
Denmark,DNK,2015,300000.01192092896
Denmark,DNK,2016,300000.01192092896
Denmark,DNK,2017,300000.01192092896
Denmark,DNK,2018,300000.01192092896
Denmark,DNK,2019,300000.01192092896
East Asia (excluding China) (FAO),,2015,9300000.190734863
East Asia (excluding China) (FAO),,2016,9899999.618530273
East Asia (excluding China) (FAO),,2017,11000000
East Asia (excluding China) (FAO),,2018,11000000
East Asia (excluding China) (FAO),,2019,11000000
Eastern Africa (FAO),,2015,231300003.0517578
Eastern Africa (FAO),,2016,243500000
Eastern Africa (FAO),,2017,254899993.89648438
Eastern Africa (FAO),,2018,263600006.10351562
Eastern Africa (FAO),,2019,275500000
Eastern Asia (FAO),,2015,99699996.94824219
Eastern Asia (FAO),,2016,122500000
Eastern Asia (FAO),,2017,143300003.0517578
Eastern Asia (FAO),,2018,150100006.10351562
Eastern Asia (FAO),,2019,138300003.0517578
Eastern Asia and South-eastern Asia (FAO),,2015,200399993.89648438
Eastern Asia and South-eastern Asia (FAO),,2016,229600006.10351562
Eastern Asia and South-eastern Asia (FAO),,2017,256000000
Eastern Asia and South-eastern Asia (FAO),,2018,263500000
Eastern Asia and South-eastern Asia (FAO),,2019,255000000
Eastern Europe (FAO),,2015,32900001.525878906
Eastern Europe (FAO),,2016,33099998.474121094
Eastern Europe (FAO),,2017,30500000
Eastern Europe (FAO),,2018,29200000.762939453
Eastern Europe (FAO),,2019,33500000
Ecuador,ECU,2015,3400000.0953674316
Ecuador,ECU,2016,3900000.0953674316
Ecuador,ECU,2017,4400000.095367432
Ecuador,ECU,2018,5000000
Ecuador,ECU,2019,5699999.809265137
Egypt,EGY,2015,25700000.762939453
Egypt,EGY,2016,28299999.237060547
Egypt,EGY,2017,31899999.618530273
Egypt,EGY,2018,30700000.762939453
Egypt,EGY,2019,27899999.618530273
El Salvador,SLV,2015,2700000.047683716
El Salvador,SLV,2016,2599999.9046325684
El Salvador,SLV,2017,2700000.047683716
El Salvador,SLV,2018,2700000.047683716
El Salvador,SLV,2019,3000000
Estonia,EST,2015,100000.00149011612
Estonia,EST,2016,100000.00149011612
Estonia,EST,2017,100000.00149011612
Estonia,EST,2018,50000.00074505806
Estonia,EST,2019,100000.00149011612
Eswatini,SWZ,2015,699999.988079071
Eswatini,SWZ,2016,699999.988079071
Eswatini,SWZ,2017,699999.988079071
Eswatini,SWZ,2018,699999.988079071
Eswatini,SWZ,2019,699999.988079071
Ethiopia,ETH,2015,56700000.76293945
Ethiopia,ETH,2016,60400001.525878906
Ethiopia,ETH,2017,63200000.76293945
Ethiopia,ETH,2018,63299999.23706055
Ethiopia,ETH,2019,63200000.76293945
Europe (FAO),,2015,64900001.525878906
Europe (FAO),,2016,63900001.525878906
Europe (FAO),,2017,60400001.525878906
Europe (FAO),,2018,58099998.474121094
Europe (FAO),,2019,60700000.76293945
Fiji,FJI,2018,100000.00149011612
Fiji,FJI,2019,100000.00149011612
Finland,FIN,2015,500000
Finland,FIN,2016,500000
Finland,FIN,2017,500000
Finland,FIN,2018,400000.0059604645
Finland,FIN,2019,400000.0059604645
France,FRA,2015,4400000.095367432
France,FRA,2016,4099999.9046325684
France,FRA,2017,4099999.9046325684
France,FRA,2018,3900000.0953674316
France,FRA,2019,3700000.047683716
Gambia,GMB,2015,1100000.023841858
Gambia,GMB,2016,1100000.023841858
Gambia,GMB,2017,1200000.0476837158
Gambia,GMB,2018,1200000.0476837158
Gambia,GMB,2019,1299999.9523162842
Georgia,GEO,2015,1299999.9523162842
Georgia,GEO,2016,1399999.976158142
Georgia,GEO,2017,1399999.976158142
Georgia,GEO,2018,1500000
Georgia,GEO,2019,1600000.023841858
Germany,DEU,2015,3299999.952316284
Germany,DEU,2016,3099999.9046325684
Germany,DEU,2017,3000000
Germany,DEU,2018,2900000.0953674316
Germany,DEU,2019,2900000.0953674316
Ghana,GHA,2015,13699999.809265137
Ghana,GHA,2016,14100000.381469727
Ghana,GHA,2017,14500000
Ghana,GHA,2018,14899999.618530273
Ghana,GHA,2019,15300000.190734863
Greece,GRC,2015,1700000.0476837158
Greece,GRC,2016,1700000.0476837158
Greece,GRC,2017,1799999.9523162842
Greece,GRC,2018,1399999.976158142
Greece,GRC,2019,899999.9761581421
Guatemala,GTM,2015,6900000.095367432
Guatemala,GTM,2016,7300000.190734863
Guatemala,GTM,2017,7400000.095367432
Guatemala,GTM,2018,7800000.190734863
Guatemala,GTM,2019,8699999.809265137
Guinea,GIN,2015,8300000.190734863
Guinea,GIN,2016,8600000.381469727
Guinea,GIN,2017,8899999.618530273
Guinea,GIN,2018,9199999.809265137
Guinea,GIN,2019,9500000
High-income economies (FAO),,2015,103900001.5258789
High-income economies (FAO),,2016,99699996.94824219
High-income economies (FAO),,2017,96900001.5258789
High-income economies (FAO),,2018,94699996.94824219
High-income economies (FAO),,2019,93699996.94824219
Honduras,HND,2015,3799999.952316284
Honduras,HND,2016,3799999.952316284
Honduras,HND,2017,3900000.0953674316
Honduras,HND,2018,3900000.0953674316
Honduras,HND,2019,4400000.095367432
Hungary,HUN,2015,1100000.023841858
Hungary,HUN,2016,899999.9761581421
Hungary,HUN,2017,899999.9761581421
Hungary,HUN,2018,699999.988079071
Hungary,HUN,2019,800000.011920929
Iceland,ISL,2015,50000.00074505806
Iceland,ISL,2016,50000.00074505806
Iceland,ISL,2017,50000.00074505806
Iceland,ISL,2018,50000.00074505806
Iceland,ISL,2019,50000.00074505806
Indonesia,IDN,2015,15500000
Indonesia,IDN,2016,19000000
Indonesia,IDN,2017,20000000
Indonesia,IDN,2018,18700000.762939453
Indonesia,IDN,2019,16799999.237060547
Iran,IRN,2015,37700000.76293945
Iran,IRN,2016,36000000
Iran,IRN,2017,34200000.76293945
Iran,IRN,2018,33200000.762939453
Iran,IRN,2019,35200000.76293945
Ireland,IRL,2015,400000.0059604645
Ireland,IRL,2016,300000.01192092896
Ireland,IRL,2017,300000.01192092896
Ireland,IRL,2018,300000.01192092896
Ireland,IRL,2019,400000.0059604645
Israel,ISR,2015,899999.9761581421
Israel,ISR,2016,899999.9761581421
Israel,ISR,2017,1000000
Israel,ISR,2018,1100000.023841858
Israel,ISR,2019,1200000.0476837158
Italy,ITA,2015,5199999.809265137
Italy,ITA,2016,4599999.904632568
Italy,ITA,2017,4599999.904632568
Italy,ITA,2018,4400000.095367432
Italy,ITA,2019,4000000
Japan,JPN,2015,3299999.952316284
Japan,JPN,2016,3400000.0953674316
Japan,JPN,2017,4000000
Japan,JPN,2018,4000000
Japan,JPN,2019,4300000.190734863
Kazakhstan,KAZ,2017,400000.0059604645
Kazakhstan,KAZ,2018,400000.0059604645
Kazakhstan,KAZ,2019,400000.0059604645
Kenya,KEN,2015,25399999.618530273
Kenya,KEN,2016,27799999.237060547
Kenya,KEN,2017,30299999.237060547
Kenya,KEN,2018,33099998.474121094
Kenya,KEN,2019,36000000
Kiribati,KIR,2018,50000.00074505806
Kiribati,KIR,2019,50000.00074505806
Kuwait,KWT,2015,500000
Kuwait,KWT,2016,500000
Kuwait,KWT,2017,500000
Kuwait,KWT,2018,500000
Kuwait,KWT,2019,500000
Kyrgyzstan,KGZ,2017,400000.0059604645
Kyrgyzstan,KGZ,2018,400000.0059604645
Kyrgyzstan,KGZ,2019,400000.0059604645
Land Locked Developing Countries (FAO),,2015,210899993.89648438
Land Locked Developing Countries (FAO),,2016,227600006.10351562
Land Locked Developing Countries (FAO),,2017,242600006.10351562
Land Locked Developing Countries (FAO),,2018,254500000
Land Locked Developing Countries (FAO),,2019,267200012.20703125
Laos,LAO,2019,2099999.9046325684
Latin America and the Caribbean (FAO),,2015,174199996.9482422
Latin America and the Caribbean (FAO),,2016,193300003.0517578
Latin America and the Caribbean (FAO),,2017,203800003.0517578
Latin America and the Caribbean (FAO),,2018,207199996.9482422
Latin America and the Caribbean (FAO),,2019,225800003.0517578
Latvia,LVA,2015,200000.00298023224
Latvia,LVA,2016,200000.00298023224
Latvia,LVA,2017,200000.00298023224
Latvia,LVA,2018,200000.00298023224
Latvia,LVA,2019,200000.00298023224
Least Developed Countries (FAO),,2015,469500000
Least Developed Countries (FAO),,2016,491799987.79296875
Least Developed Countries (FAO),,2017,512200012.20703125
Least Developed Countries (FAO),,2018,532599975.5859375
Least Developed Countries (FAO),,2019,556200012.2070312
Lesotho,LSO,2019,1100000.023841858
Liberia,LBR,2019,4000000
Libya,LBY,2015,1899999.976158142
Libya,LBY,2016,2000000
Libya,LBY,2017,2200000.047683716
Libya,LBY,2018,2400000.0953674316
Libya,LBY,2019,2500000
Lithuania,LTU,2015,400000.0059604645
Lithuania,LTU,2016,400000.0059604645
Lithuania,LTU,2017,300000.01192092896
Lithuania,LTU,2018,300000.01192092896
Lithuania,LTU,2019,300000.01192092896
Low Income Food Deficit Countries (FAO),,2015,881299987.7929688
Low Income Food Deficit Countries (FAO),,2016,907299987.7929688
Low Income Food Deficit Countries (FAO),,2017,961400024.4140625
Low Income Food Deficit Countries (FAO),,2018,1031000000
Low Income Food Deficit Countries (FAO),,2019,1146500000
Low income economies (FAO),,2015,329299987.79296875
Low income economies (FAO),,2016,349299987.79296875
Low income economies (FAO),,2017,367700012.20703125
Low income economies (FAO),,2018,382700012.20703125
Low income economies (FAO),,2019,398200012.20703125
Lower-middle-income economies (FAO),,2015,865500000
Lower-middle-income economies (FAO),,2016,880299987.7929688
Lower-middle-income economies (FAO),,2017,931799987.7929688
Lower-middle-income economies (FAO),,2018,1003200012.2070312
Lower-middle-income economies (FAO),,2019,1137699951.171875
Luxembourg,LUX,2015,50000.00074505806
Luxembourg,LUX,2016,50000.00074505806
Luxembourg,LUX,2017,50000.00074505806
Luxembourg,LUX,2018,50000.00074505806
Luxembourg,LUX,2019,50000.00074505806
Malawi,MWI,2015,13699999.809265137
Malawi,MWI,2016,14100000.381469727
Malawi,MWI,2017,14500000
Malawi,MWI,2018,14800000.190734863
Malawi,MWI,2019,15199999.809265137
Malaysia,MYS,2015,5300000.190734863
Malaysia,MYS,2016,4599999.904632568
Malaysia,MYS,2017,4699999.809265137
Malaysia,MYS,2018,4699999.809265137
Malaysia,MYS,2019,6000000
Malta,MLT,2015,50000.00074505806
Malta,MLT,2016,50000.00074505806
Malta,MLT,2017,50000.00074505806
Malta,MLT,2018,50000.00074505806
Malta,MLT,2019,50000.00074505806
Mauritania,MRT,2015,1100000.023841858
Mauritania,MRT,2016,1200000.0476837158
Mauritania,MRT,2017,1399999.976158142
Mauritania,MRT,2018,1600000.023841858
Mauritania,MRT,2019,1799999.9523162842
Mauritius,MUS,2015,200000.00298023224
Mauritius,MUS,2016,200000.00298023224
Mauritius,MUS,2017,200000.00298023224
Mauritius,MUS,2018,300000.01192092896
Mauritius,MUS,2019,300000.01192092896
Mexico,MEX,2015,31200000.762939453
Mexico,MEX,2016,30000000
Mexico,MEX,2017,28700000.762939453
Mexico,MEX,2018,29000000
Mexico,MEX,2019,33200000.762939453
Middle Africa (FAO),,2019,121199996.94824219
Moldova,MDA,2015,800000.011920929
Moldova,MDA,2016,899999.9761581421
Moldova,MDA,2017,1000000
Moldova,MDA,2018,1100000.023841858
Moldova,MDA,2019,1100000.023841858
Mongolia,MNG,2015,600000.0238418579
Mongolia,MNG,2016,800000.011920929
Mongolia,MNG,2017,800000.011920929
Mongolia,MNG,2018,899999.9761581421
Mongolia,MNG,2019,800000.011920929
Montenegro,MNE,2015,50000.00074505806
Montenegro,MNE,2016,50000.00074505806
Montenegro,MNE,2017,50000.00074505806
Montenegro,MNE,2018,50000.00074505806
Montenegro,MNE,2019,50000.00074505806
Morocco,MAR,2018,9600000.381469727
Morocco,MAR,2019,10199999.809265137
Mozambique,MOZ,2018,20200000.762939453
Mozambique,MOZ,2019,21600000.381469727
Myanmar,MMR,2019,12000000
Namibia,NAM,2015,1200000.0476837158
Namibia,NAM,2016,1299999.9523162842
Namibia,NAM,2017,1299999.9523162842
Namibia,NAM,2018,1399999.976158142
Namibia,NAM,2019,1399999.976158142
Nepal,NPL,2015,8000000
Nepal,NPL,2016,8500000
Nepal,NPL,2017,8699999.809265137
Nepal,NPL,2018,9500000
Nepal,NPL,2019,10399999.618530273
Netherlands,NLD,2015,1000000
Netherlands,NLD,2016,899999.9761581421
Netherlands,NLD,2017,899999.9761581421
Netherlands,NLD,2018,899999.9761581421
Netherlands,NLD,2019,800000.011920929
New Zealand,NZL,2015,500000
New Zealand,NZL,2016,500000
New Zealand,NZL,2017,600000.0238418579
New Zealand,NZL,2018,699999.988079071
New Zealand,NZL,2019,699999.988079071
Nigeria,NGA,2015,66099998.474121094
Nigeria,NGA,2016,74500000
Nigeria,NGA,2017,83199996.94824219
Nigeria,NGA,2018,92400001.5258789
Nigeria,NGA,2019,116000000
North Macedonia,MKD,2015,300000.01192092896
North Macedonia,MKD,2016,300000.01192092896
North Macedonia,MKD,2017,300000.01192092896
North Macedonia,MKD,2018,300000.01192092896
North Macedonia,MKD,2019,400000.0059604645
Northern Africa (FAO),,2015,64300003.05175781
Northern Africa (FAO),,2016,68199996.94824219
Northern Africa (FAO),,2017,73099998.4741211
Northern Africa (FAO),,2018,73500000
Northern Africa (FAO),,2019,72599998.4741211
Northern America (FAO),,2015,35400001.525878906
Northern America (FAO),,2016,33400001.525878906
Northern America (FAO),,2017,30799999.237060547
Northern America (FAO),,2018,29399999.618530273
Northern America (FAO),,2019,28600000.381469727
Northern America and Europe (FAO),,2015,100300003.05175781
Northern America and Europe (FAO),,2016,97300003.05175781
Northern America and Europe (FAO),,2017,91199996.94824219
Northern America and Europe (FAO),,2018,87500000
Northern America and Europe (FAO),,2019,89300003.05175781
Northern Europe (FAO),,2015,6900000.095367432
Northern Europe (FAO),,2016,6699999.809265137
Northern Europe (FAO),,2017,6300000.190734863
Northern Europe (FAO),,2018,5800000.190734863
Northern Europe (FAO),,2019,5199999.809265137
Norway,NOR,2015,200000.00298023224
Norway,NOR,2016,300000.01192092896
Norway,NOR,2017,300000.01192092896
Norway,NOR,2018,300000.01192092896
Norway,NOR,2019,200000.00298023224
Oceania (FAO),,2015,4400000.095367432
Oceania (FAO),,2016,4900000.095367432
Oceania (FAO),,2017,5400000.095367432
Oceania (FAO),,2018,5699999.809265137
Oceania (FAO),,2019,5400000.095367432
Palestine,PSE,2017,1299999.9523162842
Palestine,PSE,2018,1299999.9523162842
Palestine,PSE,2019,1299999.9523162842
Peru,PER,2015,11300000.190734863
Peru,PER,2016,13199999.809265137
Peru,PER,2017,13500000
Peru,PER,2018,14399999.618530273
Peru,PER,2019,15500000
Philippines,PHL,2015,42099998.474121094
Philippines,PHL,2018,44000000
Philippines,PHL,2019,46099998.474121094
Poland,POL,2015,3400000.0953674316
Poland,POL,2016,2400000.0953674316
Poland,POL,2017,2000000
Poland,POL,2018,1600000.023841858
Poland,POL,2019,2200000.047683716
Portugal,PRT,2015,1500000
Portugal,PRT,2016,1399999.976158142
Portugal,PRT,2017,1200000.0476837158
Portugal,PRT,2018,1100000.023841858
Portugal,PRT,2019,1200000.0476837158
Romania,ROU,2015,3799999.952316284
Romania,ROU,2016,3299999.952316284
Romania,ROU,2017,2900000.0953674316
Romania,ROU,2018,2799999.952316284
Romania,ROU,2019,2700000.047683716
Russia,RUS,2015,11899999.618530273
Russia,RUS,2016,12899999.618530273
Russia,RUS,2017,11500000
Russia,RUS,2018,10300000.190734863
Russia,RUS,2019,8800000.190734863
Saint Lucia,LCA,2015,50000.00074505806
Saint Lucia,LCA,2016,50000.00074505806
Saint Lucia,LCA,2017,50000.00074505806
Samoa,WSM,2017,50000.00074505806
Samoa,WSM,2018,50000.00074505806
Samoa,WSM,2019,50000.00074505806
Senegal,SEN,2015,5699999.809265137
Senegal,SEN,2016,6099999.904632568
Senegal,SEN,2017,5900000.095367432
Senegal,SEN,2018,6300000.190734863
Senegal,SEN,2019,6699999.809265137
Serbia,SRB,2015,1000000
Serbia,SRB,2016,1100000.023841858
Serbia,SRB,2017,1100000.023841858
Serbia,SRB,2018,1100000.023841858
Serbia,SRB,2019,1100000.023841858
Seychelles,SYC,2015,50000.00074505806
Seychelles,SYC,2016,50000.00074505806
Seychelles,SYC,2017,50000.00074505806
Seychelles,SYC,2019,50000.00074505806
Sierra Leone,SLE,2015,5599999.904632568
Sierra Leone,SLE,2016,5800000.190734863
Sierra Leone,SLE,2017,6000000
Sierra Leone,SLE,2018,6199999.809265137
Sierra Leone,SLE,2019,6599999.904632568
Singapore,SGP,2015,200000.00298023224
Singapore,SGP,2016,200000.00298023224
Singapore,SGP,2017,200000.00298023224
Singapore,SGP,2018,300000.01192092896
Singapore,SGP,2019,300000.01192092896
Slovakia,SVK,2015,300000.01192092896
Slovakia,SVK,2016,300000.01192092896
Slovakia,SVK,2017,300000.01192092896
Slovakia,SVK,2018,300000.01192092896
Slovakia,SVK,2019,300000.01192092896
Slovenia,SVN,2015,300000.01192092896
Slovenia,SVN,2016,200000.00298023224
Slovenia,SVN,2017,200000.00298023224
Slovenia,SVN,2018,200000.00298023224
Slovenia,SVN,2019,200000.00298023224
Somalia,SOM,2019,12600000.381469727
South Africa,ZAF,2015,23700000.762939453
South Africa,ZAF,2019,26299999.237060547
South America (FAO),,2015,97400001.5258789
South America (FAO),,2016,117099998.4741211
South America (FAO),,2017,128100006.10351562
South America (FAO),,2018,130300003.05175781
South America (FAO),,2019,141399993.89648438
South Asia (excluding India) (FAO),,2015,199600006.10351562
South Asia (excluding India) (FAO),,2016,195300003.0517578
South Asia (excluding India) (FAO),,2017,197300003.0517578
South Asia (excluding India) (FAO),,2018,206300003.0517578
South Asia (excluding India) (FAO),,2019,219500000
South Korea,KOR,2015,2400000.0953674316
South Korea,KOR,2016,2500000
South Korea,KOR,2017,2700000.047683716
South Korea,KOR,2018,2599999.9046325684
South Korea,KOR,2019,2599999.9046325684
South Sudan,SSD,2015,9100000.381469727
South Sudan,SSD,2017,9300000.190734863
South Sudan,SSD,2018,9300000.190734863
South Sudan,SSD,2019,9399999.618530273
South-eastern Asia (FAO),,2015,100699996.94824219
South-eastern Asia (FAO),,2016,107099998.4741211
South-eastern Asia (FAO),,2017,112699996.94824219
South-eastern Asia (FAO),,2018,113400001.5258789
South-eastern Asia (FAO),,2019,116699996.94824219
Southern Africa (FAO),,2015,27700000.762939453
Southern Africa (FAO),,2016,28100000.381469727
Southern Africa (FAO),,2017,28600000.381469727
Southern Africa (FAO),,2018,29000000
Southern Africa (FAO),,2019,30700000.762939453
Southern Asia (FAO),,2015,564000000
Southern Asia (FAO),,2016,557599975.5859375
Southern Asia (FAO),,2017,588500000
Southern Asia (FAO),,2018,643099975.5859375
Southern Asia (FAO),,2019,742599975.5859375
Southern Europe (FAO),,2015,15100000.381469727
Southern Europe (FAO),,2016,14800000.190734863
Southern Europe (FAO),,2017,14500000
Southern Europe (FAO),,2018,14399999.618530273
Southern Europe (FAO),,2019,13699999.809265137
Spain,ESP,2015,3299999.952316284
Spain,ESP,2016,3500000
Spain,ESP,2017,3500000
Spain,ESP,2018,4000000
Spain,ESP,2019,4099999.9046325684
Sub-Saharan Africa (FAO),,2015,512400024.4140625
Sub-Saharan Africa (FAO),,2016,544599975.5859375
Sub-Saharan Africa (FAO),,2017,574599975.5859375
Sub-Saharan Africa (FAO),,2018,604400024.4140625
Sub-Saharan Africa (FAO),,2019,653799987.7929688
Sudan,SDN,2015,16100000.381469727
Sudan,SDN,2016,17500000
Sudan,SDN,2017,19000000
Sudan,SDN,2018,20399999.618530273
Sudan,SDN,2019,21200000.762939453
Sweden,SWE,2015,400000.0059604645
Sweden,SWE,2016,500000
Sweden,SWE,2017,500000
Sweden,SWE,2018,600000.0238418579
Sweden,SWE,2019,500000
Switzerland,CHE,2015,400000.0059604645
Switzerland,CHE,2016,400000.0059604645
Switzerland,CHE,2017,300000.01192092896
Switzerland,CHE,2018,200000.00298023224
Switzerland,CHE,2019,200000.00298023224
Tanzania,TZA,2016,30100000.381469727
Tanzania,TZA,2017,30100000.381469727
Tanzania,TZA,2018,31000000
Tanzania,TZA,2019,32700000.762939453
Thailand,THA,2015,10399999.618530273
Thailand,THA,2016,13600000.381469727
Thailand,THA,2017,17200000.762939453
Thailand,THA,2018,18299999.237060547
Thailand,THA,2019,20799999.237060547
Tonga,TON,2018,50000.00074505806
Tonga,TON,2019,50000.00074505806
Tunisia,TUN,2015,2000000
Tunisia,TUN,2016,2200000.047683716
Tunisia,TUN,2017,2299999.952316284
Tunisia,TUN,2018,2599999.9046325684
Tunisia,TUN,2019,2900000.0953674316
Uganda,UGA,2015,22200000.762939453
Uganda,UGA,2016,24100000.381469727
Uganda,UGA,2017,26100000.381469727
Uganda,UGA,2018,28299999.237060547
Uganda,UGA,2019,30600000.381469727
United Kingdom,GBR,2015,4099999.9046325684
United Kingdom,GBR,2016,4099999.9046325684
United Kingdom,GBR,2017,3700000.047683716
United Kingdom,GBR,2018,3299999.952316284
United Kingdom,GBR,2019,2599999.9046325684
United States,USA,2015,33599998.474121094
United States,USA,2016,31500000
United States,USA,2017,29000000
United States,USA,2018,27500000
United States,USA,2019,26500000
Upper-middle-income economies (FAO),,2015,396399993.8964844
Upper-middle-income economies (FAO),,2016,444299987.79296875
Upper-middle-income economies (FAO),,2017,476899993.8964844
Upper-middle-income economies (FAO),,2018,488299987.79296875
Upper-middle-income economies (FAO),,2019,501500000
Uruguay,URY,2015,699999.988079071
Uruguay,URY,2016,800000.011920929
Uruguay,URY,2017,899999.9761581421
Uruguay,URY,2018,800000.011920929
Uruguay,URY,2019,800000.011920929
Uzbekistan,UZB,2015,3500000
Uzbekistan,UZB,2016,4199999.809265137
Uzbekistan,UZB,2017,4800000.190734863
Uzbekistan,UZB,2018,5599999.904632568
Uzbekistan,UZB,2019,6500000
Vanuatu,VUT,2018,50000.00074505806
Vanuatu,VUT,2019,50000.00074505806
Vietnam,VNM,2017,5900000.095367432
Vietnam,VNM,2018,6000000
Vietnam,VNM,2019,6199999.809265137
Western Africa (FAO),,2015,149699996.9482422
Western Africa (FAO),,2016,165199996.9482422
Western Africa (FAO),,2017,179300003.0517578
Western Africa (FAO),,2018,195199996.9482422
Western Africa (FAO),,2019,226399993.89648438
Western Asia (FAO),,2015,69699996.94824219
Western Asia (FAO),,2016,71599998.4741211
Western Asia (FAO),,2017,72900001.5258789
Western Asia (FAO),,2018,75500000
Western Asia (FAO),,2019,76800003.05175781
Western Europe (FAO),,2015,10000000
Western Europe (FAO),,2016,9399999.618530273
Western Europe (FAO),,2017,9100000.381469727
Western Europe (FAO),,2018,8699999.809265137
Western Europe (FAO),,2019,8300000.190734863
World,OWID_WRL,2015,1696099975.5859375
World,OWID_WRL,2016,1774800048.828125
World,OWID_WRL,2017,1874400024.4140625
World,OWID_WRL,2018,1970099975.5859375
World,OWID_WRL,2019,2132300048.828125
Zambia,ZMB,2015,7699999.809265137
Zambia,ZMB,2016,8100000.381469727
Zambia,ZMB,2017,8399999.618530273
Zambia,ZMB,2018,8800000.190734863
Zambia,ZMB,2019,9199999.809265137
Zimbabwe,ZWE,2015,8899999.618530273
Zimbabwe,ZWE,2016,9399999.618530273
Zimbabwe,ZWE,2017,9500000
Zimbabwe,ZWE,2018,9600000.381469727
Zimbabwe,ZWE,2019,10199999.809265137